Hotel Name,Hotel_Price,Hotel Rating,Hotel Reviews,Hotel Room Type,Hotel Address,Number of Bed Rooms
Kristal Hotel Duhok,"PKR 9,574",8.4,106 reviews,Standard Triple Room,Duhok,3 twin beds
Qasr AlDur Hotel,"PKR 20,019",8.2,116 reviews,Double Room,An Najaf,1 king bed
Erbil View Hotel,"PKR 13,926",9.0,590 reviews,Deluxe Twin Room,Erbil,2 twin beds
Dijlat Al Khair Hotel,"PKR 8,617",7.6,40 reviews,Family Room with Bath,Baghdād,Multiple bed types
Darin Plaza Hotel,"PKR 13,926",8.2,178 reviews,Standard Double or Twin Room,Erbil,Multiple bed types
Cristal Erbil Hotel,"PKR 26,111",8.3,421 reviews,Amber King,Erbil,1 king bed
Divan Erbil Hotel,"PKR 50,264",8.7,361 reviews,Deluxe Twin Room,Erbil,2 twin beds
Dedeman Erbil Hotel City Center,"PKR 26,616",8.6,292 reviews,Deluxe Double or Twin Room,Erbil,Beds: 1 double or 2 twins
Ramada by Wyndham Erbil Gulan Street,"PKR 34,815",8.0,59 reviews,King Room - Smoking ,Erbil,1 king bed
Erbil International Hotel,"PKR 44,024",8.6,160 reviews,Deluxe King Room,Erbil,1 king bed
HighCrest Hotel,"PKR 18,800",7.6,203 reviews,Deluxe King Room,As Sulaymānīyah,1 queen bed
Noble Hotel,"PKR 22,978",7.6,90 reviews,Twin Room,Erbil,"2 beds (1 twin, 1 queen)"
Mihrako Hotel & Spa,"PKR 22,456",8.4,117 reviews,Double Room,As Sulaymānīyah,1 king bed
Castle Hotel,"PKR 9,748",7.9,77 reviews,Deluxe Double Room with Bath,Al Başrah,2 twin beds
Shapol hotel,"PKR 6,789",6.8,73 reviews,Deluxe Twin Room,Erbil,2 twin beds
BL Hotel's Erbil,"PKR 7,833",7.1,42 reviews,Superior Deluxe Double or Twin Room ,Erbil,Multiple bed types
Khani Hotel,"PKR 13,056",8.0,113 reviews,Double Room with Private Bathroom,Duhok,"2 beds (1 twin, 1 queen)"
Erbil Oscar Hotel,"PKR 10,445",5.8,62 reviews,Standard Double Room,Erbil,1 full bed
Khan Saray,"PKR 12,185",8.3,300 reviews,Standard Twin Room,As Sulaymānīyah,2 twin beds
Fareeq Hotel,"PKR 13,056",8.5,273 reviews,Triple Room,Erbil,3 twin beds
Kurmick Maysan Hotel,"PKR 30,463",7.6,8 reviews,Deluxe Double Room,Amarah,1 full bed
Baghdad Hotel,"PKR 27,852",6.1,288 reviews,Deluxe Double or Twin Room with Al Sadoun View Street,Baghdād,Beds: 1 double or 2 twins
Royal Garden,"PKR 12,185",n/a,n/a,Large Twin Room,Baghdād,2 twin beds
The Baron Hotel - Karbala,"PKR 19,148",8.8,588 reviews,Standard King Room,Karbala,1 queen bed
Basra International Hotel,"PKR 34,467",7.3,67 reviews,Deluxe Double or Twin Room with Pool Access,Al Başrah,"3 beds (1 twin, 2 fulls)"
Grand Millennium Sulaimani,"PKR 20,019",8.5,714 reviews,Superior Double Room,As Sulaymānīyah,1 king bed
Shanasheel Palace Hotel,"PKR 15,667",8.2,97 reviews,Standard Double or Twin Room,Baghdād,Beds: 1 double or 2 twins
Millennium Kurdistan Hotel & Spa,"PKR 17,408",8.2,322 reviews,Superior King Room,As Sulaymānīyah,1 king bed
Erbil Quartz Hotel,"PKR 14,796",8.2,466 reviews,Deluxe Twin Room,Erbil,2 twin beds
Coral Baghdad Hotel,"PKR 33,074",7.9,242 reviews,Deluxe Double Room,Baghdād,1 king bed
La Roche Hotel,"PKR 20,367",8.1,149 reviews,Superior Twin Room,Erbil,2 twin beds
Grand Palace Hotel Erbil,"PKR 13,056",9.1,83 reviews,Budget Twin Room,Erbil,2 twin beds
Copthorne Hotel Baranan,"PKR 13,056",8.2,231 reviews,Superior King Room,As Sulaymānīyah,1 queen bed
Bilitom Hotel,"PKR 22,630",7.9,35 reviews,Standard King Room,Baghdād,1 king bed
Babylon Rotana Hotel,"PKR 45,260",7.7,236 reviews,Deluxe King Room,Baghdād,1 king bed
Inter Hotel,"PKR 11,315",5.0,64 reviews,Standard Twin Room,Baghdād,2 twin beds
Rukn Kahramana Baghdad,"PKR 15,667",6.8,85 reviews,Standard Double Room,Baghdād,Beds: 1 double or 2 twins
Asenappar Hotel,"PKR 10,445",8.1,172 reviews,Double or Twin Room,Erbil,Multiple bed types
Paris Plaza Hotel,"PKR 16,537",8.2,75 reviews,Deluxe King Room,Erbil,1 king bed
Canyon Hotel Erbil,"PKR 17,059",8.6,214 reviews,Twin Room,Erbil,2 twin beds
Ankawa Royal Hotel & Spa,"PKR 26,808",8.4,382 reviews,Deluxe King Room,Erbil,"2 beds (1 king, 1 sofa bed)"
Banoj Hotel,"PKR 13,926",8.2,71 reviews,Standard Double Room,Erbil,1 queen bed
Basrah International Airport Hotel,"PKR 30,463",n/a,n/a,Deluxe Double Room,Al Başrah,1 king bed
Erbil Arjaan by Rotana,"PKR 29,593",8.6,155 reviews,Classic Studio - Twin Bed,Erbil,Private studio • 1 bathroom • 41m²2 twin beds
Bella Roma Hotel,"PKR 13,926",8.7,117 reviews,Standard Double Room,Erbil,1 queen bed
Sipan,"PKR 19,148",8.0,64 reviews,Deluxe Double or Twin Room,Erbil,2 twin beds
Quaint Hotel Erbil,"PKR 12,011",8.1,213 reviews,Deluxe Twin Room,Erbil,2 twin beds
Hotel Halwachy,"PKR 13,926",8.0,102 reviews,Double Room,As Sulaymānīyah,2 twin beds
Titanic Hotel & Spa,"PKR 21,020",8.9,377 reviews,Deluxe Room,As Sulaymānīyah,1 king bed
Rzgari Taza,"PKR 12,185",7.1,11 reviews,Studio Apartment,As Sulaymānīyah,Private apartment • 1 bedroom • 1 living room • 1 bathroom • 45m²1 king bed
KarlovyVary Hotel Ankawa,"PKR 9,922",7.7,42 reviews,Double Room,Erbil,2 twin beds
Dragon Hotel,"PKR 13,926",3.8,4 reviews,Deluxe Double or Twin Room,Erbil,1 king bed
Welton Hotel,"PKR 10,445",n/a,n/a,Deluxe Queen Studio ,Erbil,"Private suite • 1 bedroom • 1 living room • 1 bathroom • 30m²2 beds (1 full, 1 sofa bed)"
Erbil Rotana,"PKR 38,297",8.7,156 reviews,Classic King Room,Erbil,1 queen bed
Coral Palace Hotel,"PKR 33,074",7.7,15 reviews,Deluxe Double Room,Baghdād,1 king bed
Best Inn Erbil,"PKR 17,408",6.8,13 reviews,Twin Room,Erbil,2 twin beds
Hotel Nova Sky,"PKR 20,715",8.7,19 reviews,Deluxe King Room,Erbil,1 queen bed
Masaya By Emerald,"PKR 21,864",7.4,124 reviews,Superior Twin Room,Erbil,"3 beds (2 twins, 1 sofa bed)"
Al Sadier Palace,"PKR 10,445",n/a,n/a,Economy Double or Twin Room,Baghdād,"2 beds (1 twin, 1 full)"
Darin Hotel,"PKR 13,230",7.5,45 reviews,Double or Twin Room,Erbil,2 twin beds
Niagara Hotel Erbil,"PKR 9,574",7.3,3 reviews,Deluxe Double Room,Erbil,1 full bed
ABN International Hotel Erbil,"PKR 12,126",4.4,5 reviews,Deluxe Queen Room,Erbil,Beds: 1 double or 2 twins
Oscar Hotel,"PKR 8,704",n/a,n/a,Deluxe Double Room,Baghdād,3 twin beds
Korek Mountain Resort,"PKR 17,233",8.4,114 reviews,One-Bedroom Villa,Erbil,"Entire villa • 1 bedroom • 1 living room • 1 bathroom • 52m²2 beds (1 full, 1 sofa bed)"
Baghdad Intl. Airport Hotel,"PKR 31,492",5.0,15 reviews,Superior Double or Twin Room,Baghdād,2 twin beds
Al-Mansour Hotel,"PKR 38,297",n/a,n/a,Deluxe Suite with Sea View,Baghdād,"Private suite • 1 bedroom • 1 living room • 1 bathroom • 70m²2 beds (1 sofa bed, 1 queen)"
Hotel Grand Swiss,"PKR 22,630",8.5,19 reviews,Standard Double Room,Erbil,2 twin beds
Hayali Suites Hotel,"PKR 13,926",9.5,25 reviews,Family Suite,Erbil,"2 beds (1 twin, 1 full)"
Mustafa City,"PKR 139,260",n/a,n/a,Apartment - Ground Floor,Erbil,"Entire apartment • 2 bedrooms • 1 living room • 1 bathroom • 75m²4 beds (2 twins, 1 sofa bed, 1 queen)"
Al-Burhan Hotel,"PKR 52,223",6.2,4 reviews,Standard Twin Room,Baghdād,2 twin beds
Life Palace Hotel and Rest,"PKR 10,445",n/a,n/a,Economy Double or Twin Room,Al ‘Alwīyah,Beds: 1 double or 2 twins
Ashur Hotel,"PKR 17,408",n/a,n/a,King Room with Mountain View,Dokan,1 full bed
